Rank,TeamId,TeamName,LastSubmissionDate,Score,SubmissionCount,TeamMemberUserNames
1,16794378,Alexy,"2026-09-24 01:34:09",0.00001,44,alexycactus
2,16727898,"Muhammad Haaris 27083","2026-10-05 04:25:43",0.00130,133,muhammadhaaris27083
3,16811501,Randy,"2026-09-28 00:05:11",0.09149,72,rvndyerwin
4,16784177,PavelLiashkov,"2026-09-21 10:46:42",0.92253,91,bigbag1983
5,16616778,Hutao715,"2026-08-26 04:37:11",0.97357,72,apostle715
6,16780153,foryolotrain1,"2026-09-27 09:57:07",1.44066,33,foryolotrain1
7,16809547,"Berkay Hasret","2026-09-10 23:15:29",1.86234,35,berkayhasret
8,16041931,"Yusaku Muroya","2026-10-02 11:10:03",2.20156,83,ymuroya47
9,16791797,"Benadict Infant A","2026-10-05 02:20:52",3.70870,166,benadictinfanta
10,16845180,harshakalluri14,"2026-10-05 06:54:46",6.72758,96,harshakalluri14
11,16675406,"Vaibhav Patel","2026-09-03 17:11:50",6.97326,28,vaibhavpatel
12,16940507,"Mateo Allmer","2026-10-05 16:57:11",7.42121,51,mateoallmer
13,16611621,Mohit,"2026-09-13 00:31:56",8.15124,153,mohit98765
14,16956087,"Nicolas Krusche","2026-09-25 18:38:50",9.63552,8,nicolaskrusche
15,16792813,muou0v0,"2026-08-31 00:59:04",10.03924,10,muou0v0
16,16948011,"Mikołaj Olesiński","2026-09-25 14:53:08",10.11508,13,mikoajolesinski
17,16737610,"John Draper","2026-08-20 22:42:54",10.11544,10,john5928
18,16936009,"Jimmy Erickson","2026-09-22 09:17:39",10.13776,2,jimmyerickson
19,16986164,"Joseph Ayanda","2026-10-05 13:15:46",10.17776,25,josephayanda
20,16844814,JeovaAnderson,"2026-09-23 22:49:21",11.38549,51,jeovaanderson
21,16771102,"yassir salama1","2026-08-26 00:12:06",12.72060,3,yassirsalama1
22,16594037,"Changye Li","2026-07-25 01:02:22",14.10551,10,antoinegg1
23,16951910,"Aron Bakes","2026-10-01 03:01:45",15.56912,27,aronbakes
24,16949460,Div,"2026-10-02 20:03:42",16.46100,16,divyanshkumar3
25,16904826,keeaitec,"2026-09-19 02:50:31",17.03368,12,keeaitec
26,16905782,"aseer ulhaq","2026-10-05 04:49:48",18.54362,20,aseerulhaq
27,16979865,"Shivam Sharma ","2026-10-02 19:45:21",19.04065,16,zetaspark24
28,16923647,wucansir1,"2026-10-05 07:20:26",19.10709,45,wucansir1
29,16822622,Raduansm,"2026-09-29 11:42:22",19.82774,10,raduansm
30,16921132,"Sagar Kumar","2026-09-28 13:13:41",20.40629,42,oceanickumar
31,16909428,"Akhil Chinta","2026-09-29 00:01:46",21.85059,36,akhilchinta1505
32,16976495,amazingRIVER,"2026-10-02 21:17:34",23.13178,16,"aditbissa,varadarajborkar"
33,16977816,"Shivam Sharma","2026-10-02 19:42:01",23.26602,7,sparse2342
34,16971753,"Erhan Eker","2026-10-03 11:59:59",25.05197,29,erhaneker
35,16710343,"Anh-Vu Mai-Nguyen","2026-10-05 01:17:04",25.50247,168,mainguyenanhvu
36,16910662,"KU Data Scientists","2026-10-01 01:30:40",25.74444,32,"elishayoon,jungyoomin"
37,17015851,"Anjan B","2026-10-04 06:34:45",26.02502,10,anjan4646
38,16990946,"Juhil Modi-24BCS10310","2026-10-05 18:52:17",27.40058,9,juhilmodi
39,16982134,YogaNukko,"2026-10-05 04:03:23",27.94600,26,takahitomizunobyts
40,16850173,"Sallin Koutev","2026-09-07 20:08:38",28.42808,5,sallinkoutev
41,17027252,"Bhatt Vasishth Bimalbhai (M25CSA007)","2026-10-04 12:36:26",28.81608,6,bhattvasishth
42,16082024,"zaoui Hamza","2026-09-07 13:15:51",29.15534,12,zaouihamza
43,16942992,Marty,"2026-10-05 11:49:33",29.20489,35,"achelijndiamantidis,martijnlustig"
44,16959960,SADbbbbb,"2026-10-05 03:27:29",29.27305,44,douzijian
45,16965586,"Yatrikkumar Shah","2026-10-05 17:20:15",29.68327,30,yatrikshah
46,16417134,"Will Murray","2026-10-02 18:08:29",30.22376,36,willmurray99
47,17020766,"Alexander Karpich","2026-10-05 07:47:14",30.30960,13,lambdaterm
48,16796418,"Hai Dang","2026-09-04 14:59:59",31.50486,19,haidang2405
49,16822618,"Md Abu Saif","2026-10-01 18:42:31",31.97027,6,mdabusaif48
50,16920919,"Botao Wang111","2026-09-24 05:30:02",32.17080,18,botaowang111
51,16962593,"Khatmal Gang","2026-10-05 08:18:24",32.54989,28,"aadithire,mitanshkanani,paramshukla09,vedantbishere"
52,16798018,"Santiago Maniches","2026-10-05 08:39:55",32.90985,67,santmani
53,16792772,sigmaborov,"2026-09-26 07:59:28",33.73941,35,sigmaborov
54,16871802,minato,"2026-10-05 15:12:42",34.21952,2,statisticallyinsane
55,16960297,GrainX,"2026-09-28 15:05:08",35.10995,15,"malikhammadfarooq,purwashakeel"
56,16936445,"Pratyush Negi","2026-09-24 04:53:49",35.15760,10,pratyushh
57,16330331,Aditya,"2026-09-26 04:40:29",35.25641,18,adityapushola
58,16017192,ZAOUI_Yassine,"2026-10-03 21:31:01",35.63828,97,"yanislou,zaouiyassine"
59,16916202,"Adejumo Boluwatife","2026-09-19 06:07:47",35.68808,9,adejumoboluwatife
60,16965559,CHOSeongmin,"2026-10-05 11:33:41",35.80113,24,smcho1201
61,16863511,"Guilherme HenriqueGE","2026-09-24 18:38:34",36.18110,35,guilhermehenriquege
62,16833175,syunsuke,"2026-09-11 13:01:04",36.45886,28,syunsuke1024
63,16786480,"T Hansda","2026-09-22 15:31:36",36.55798,11,hansda
64,16790260,for_gpu_free,"2026-09-06 10:25:37",36.57469,4,forgpufree
65,16051722,"Wiem BR","2026-06-10 00:04:10",38.04377,34,wiembr
66,16904917,"Tys TANA","2026-09-29 08:03:00",38.15406,38,tystana
67,16854092,klausfeng,"2026-09-13 10:31:14",39.10710,14,klausfeng
68,16797634,"Venkat Balaji S","2026-10-04 12:59:25",39.25719,22,dataarthur
69,16732402,Adammmmmmm,"2026-08-19 08:49:34",39.43104,11,adammmmmmm
70,16959966,"John Moncel","2026-10-05 05:12:31",39.91348,10,johnmoncel
71,16736957,"Haojun Chen123","2026-10-05 02:35:11",40.14306,8,haojunchen123
72,16976532,Xiangyu.Cui21,"2026-09-28 08:22:02",40.17103,5,xiangyucui25
73,16823205,A__A,"2026-09-26 19:05:03",40.22430,2,arieaizenman
74,16842905,"Krishna Yadu","2026-09-09 13:27:31",40.22430,5,krishnayadav456wrsty
75,16885901,"Mathieu W","2026-09-13 15:50:16",40.22430,3,mathieuw
76,16858236,"Kunal Desale","2026-09-16 10:48:18",40.22430,18,kunaldesale2408
77,16847839,IchikaHoshino,"2026-09-14 23:25:34",40.22430,6,htunkhi
78,16047935,"Jeki Wan Taufik","2026-10-04 00:25:45",40.22430,6,jek1wantaufik
79,16853204,ItIs4Me,"2026-10-03 02:35:50",40.33085,23,itis4me
80,16794739,"Ashok Godugu","2026-09-10 18:39:46",40.33085,2,ashokgodugu
81,16891585,"Raef Guizani","2026-09-14 13:26:13",40.33085,1,raefguizani
82,16034214,"Abubakar Sadiq Suleiman","2026-09-20 00:00:24",40.33085,16,aspalladan
83,16845436,ajikajadeh,"2026-09-15 12:21:02",40.33085,2,ajikajadeh
84,16870971,"Bina Salama","2026-09-19 04:22:48",40.33085,8,binasalama
85,16905130,"Md. Hamid Hosen","2026-09-16 08:06:48",40.33085,1,hosen42
86,16910869,Jeffwin,"2026-09-18 08:21:06",40.33085,4,"jeffwin18,joshuadaniel05"
87,16922412,Francisco,"2026-09-23 07:02:49",40.33085,8,cheneblanc
88,16779146,"Khoi Ng","2026-09-23 11:44:41",40.33085,7,khoingt
89,16938463,"Dia Mec","2026-09-24 20:07:34",40.33085,4,dhiamechi
90,16956248,Aditya_kumar0111,"2026-09-25 16:54:41",40.33085,5,adityakumar078
91,16805959,"Parfait BOTCHI","2026-10-01 20:05:19",40.33085,11,parfaitbotchi1
92,17010958,"wod w f s","2026-10-01 03:44:53",40.33085,3,wodwfs
93,16984068,xlr81050f,"2026-10-01 17:21:18",40.33085,5,jayendrajeetchauhan
94,17012750,"Vidit Parashar","2026-10-03 17:22:47",40.33085,1,viditparashar123456
95,16890937,"Xie Xin","2026-10-04 14:42:01",40.33085,9,dingjiarun
96,16812125,"Maifee Ul Asad","2026-09-27 09:22:42",40.38698,25,maifeeulasad
97,16951030,"Sami Badaoui","2026-09-26 00:05:19",40.81792,9,samibadaoui
98,16074528,"Mario Nicolae","2026-05-27 09:04:50",40.84569,15,marionicolae
99,16885115,Hemanth,"2026-09-16 06:19:56",40.99305,8,hemanth7272
100,17025912,"Ke Wang","2026-10-05 03:33:49",41.06196,10,kewangailing
101,16796565,nookaa,"2026-08-31 12:55:56",42.15667,2,nookaa
102,16763214,"syouya tobita","2026-09-12 06:40:30",42.19456,12,syouyatobita
103,16921919,"Madhu Siddharth","2026-09-19 05:42:42",42.54412,3,madhusiddharth
104,17019220,"Santanu Banerjee","2026-10-04 14:15:26",43.42772,10,santanubanerjee9
105,16865531,"Fakhar Mustafa","2026-10-01 06:17:12",43.63421,27,fakhar90
106,16919910,"Wei Hsiang Lin111","2026-09-23 18:40:33",43.85772,3,weihsianglin111
107,16075903,"Alex Radio","2026-05-25 18:10:05",44.34075,5,alexradio
108,16870429,"Sirapoap Thamthum","2026-09-16 16:53:13",44.62629,2,sirapoapthamthum
109,16811045,"utsav Lamichhane","2026-10-01 13:06:26",44.91781,11,lamichhaneutsav
110,16630567,Pones_kaggle,"2026-08-16 02:37:39",44.95348,79,pyd966
111,16802590,oki_tsune,"2026-09-25 04:49:50",45.16605,13,imamura1
112,16606256,"Minh Hiếu Trần","2026-07-28 13:18:51",45.23566,8,minhhiutrn1414
113,16601921,lighth,"2026-07-29 02:18:50",45.23566,11,lighth
114,16606129,"Trà Linh Nguyễn Thị","2026-07-28 04:54:23",45.23642,10,trlinhnguynth
115,16823092,"Aaditya Sikder","2026-09-19 17:57:07",45.39995,6,aadityasikder
116,16605878,"Dung Mạc Đăng","2026-07-28 03:24:07",45.42965,10,dungmcng
117,16944753,ngnhming,"2026-10-02 04:33:52",45.52224,34,nguyennhatminh
118,16605784,"Thịnh Lê Hữu","2026-07-28 03:16:24",45.61785,10,thnhlhuu
119,16036902,"Julien bertas","2026-05-27 20:50:11",45.70687,30,julienbertas
120,16051712,"melanie kreton","2026-05-27 20:59:26",45.93753,20,melaniekreton
121,16786306,"Peng Wang","2026-09-14 00:07:32",45.98555,43,pengwang91
122,16918067,Malphite,"2026-10-03 03:48:48",46.06652,48,quytltin
123,16746035,KrrishChoudhary109,"2026-08-20 05:25:55",46.22148,5,krrishchoudhary109
124,16036920,"adrian drischoff","2026-05-27 20:55:18",46.35805,25,adriandrischoff
125,16458960,"Yara Mahmoudd1","2026-07-09 10:04:06",46.37932,37,"noran202300693,yaramahmoudd1"
126,16989849,"Ardahan Doğru","2026-10-05 18:48:31",46.48310,9,ardahandoru
127,16085329,"emir khanitou","2026-06-09 22:21:08",46.55897,7,emirkhanitou
128,16950359,Ritesh-2006,"2026-09-28 07:35:29",46.56406,2,ritesh2006
129,16921141,songjiahao123,"2026-09-21 02:05:21",47.05445,10,songjiahao123
130,16075816,"[Deleted] 5caf4ebe-3f8a-4e8d-8ad0-2affbecfaf52","2026-05-26 17:50:10",47.08387,10,del=669b690e2a0e78a8
131,16980684,"Priyanshu Kumar","2026-09-29 20:39:23",47.28209,8,priyanshu2090
132,17027585,"Pratyush Sahoo","2026-10-03 21:17:22",47.28760,5,pratyush1427
133,16893579,"Abdo Atef","2026-09-18 02:22:54",47.51910,6,abdoateff
134,16709736,"Damien Gether","2026-10-05 11:34:16",47.72588,6,frilox
135,16892498,"Keval Kathiriya","2026-09-15 13:07:10",48.25727,6,kevalkathiriya11
136,16242974,Us.atto,"2026-08-09 04:35:35",48.70861,27,nattahwintampaesert
137,16075834,Luka32,"2026-05-25 18:05:16",49.23862,5,luka32
138,16868771,"Luke Stafford","2026-09-14 02:11:26",49.24871,5,luketstafford
139,16797501,"Riccardo Cazzaro","2026-08-31 20:25:19",49.47624,5,riccardocazzaro
140,16904889,"julien gaza","2026-09-25 02:10:28",49.53760,8,juliengaza
141,16961454,Cheongpark,"2026-10-05 11:57:34",49.56214,5,cheongpark
142,16838751,DanWil,"2026-10-04 20:44:29",49.57406,6,danwilique200
143,16710368,"FasterYouChase FasterIRun","2026-08-14 12:54:06",49.58015,12,icoguser
144,16903959,"Menelik Zafir","2026-09-29 14:26:44",49.89442,4,monibeefudgekins
145,16852594,"Định Nguyễn Văn","2026-09-08 16:00:48",49.98294,3,nhnguynvn1902
146,16841175,"Dimitrios Giannoulis","2026-09-06 16:53:03",50.37467,8,plagiagia
147,16384086,"Alex Brown","2026-06-25 04:19:16",50.89666,15,tastybrownie
148,16909117,"[Deleted] 1446af43-3683-49b5-8ac3-141d8cee3f9e","2026-09-17 03:41:47",51.59567,1,del=b51ca30e6ae6607c
149,16813508,"tokuda yujiro","2026-09-26 04:20:54",51.85749,23,tokudayujiro
150,16889490,electrichunter1,"2026-09-15 00:35:52",51.99138,7,electrichunter1
151,16927335,MRaffy,"2026-09-20 01:18:01",52.06187,1,mraffy
152,16926678,sofiyamasl,"2026-09-28 16:42:00",52.23101,9,superduperspacezebra
153,16589235,"Anantha Kamal","2026-07-29 12:56:00",52.23647,6,ananthakamal
154,17016135,boss26,"2026-10-04 19:18:37",52.39562,5,boss26
155,16594621,bigsuperplum,"2026-07-26 07:33:02",53.02405,11,bigsuperplum
156,16950090,"Dalton Omondi","2026-10-02 04:22:42",53.20251,15,daltongabrielomondi
157,16840233,"Richard Pagan","2026-09-05 15:38:12",53.75891,1,richardpagan
158,16933483,"Arnav Tiwari","2026-10-02 05:04:08",54.16040,12,meh6543
159,17017640,"krish s","2026-10-02 11:27:06",54.19365,4,krish616
160,16778522,hamunyan,"2026-08-27 09:32:11",54.23091,5,akiraoguchi
161,16874462,yuki,"2026-09-12 17:14:11",54.38955,4,yururoi
162,17014339,"Aakash Kumar Singh","2026-10-01 15:51:55",54.57125,2,aakashkumarsingh3690
163,16946682,zahid11177700,"2026-09-24 13:53:40",54.67815,1,zahid11177700
164,16948344,Cyrusi6,"2026-09-26 01:31:17",54.82071,2,cyrusi6
165,16793443,"kazuki kishi","2026-09-04 02:55:34",55.11120,6,kazukikishi
166,16618452,VoV,"2026-08-01 09:15:17",55.16113,2,nnhzzz
167,16779918,Moonlight,"2026-09-01 04:20:45",55.31011,2,rajesh1joc
168,16791630,"amaniaymen ferhat","2026-08-31 17:36:39",55.59187,5,amaniaymenferhat
169,16093690,Vandit,"2026-06-25 10:05:15",55.67635,7,vandittyagi0909
170,16016669,AmbrosM,"2026-05-26 21:12:21",55.67927,17,ambrosm
171,17023719,"Md. Araful Hoque","2026-10-04 08:36:18",55.78511,3,mdarafulhoque
172,17012342,"Tang Jia Chian","2026-10-03 17:02:42",55.78511,5,tangjiachian
173,16042686,"ömer kiraz","2026-08-05 09:29:29",56.01992,36,merkiraz
174,17011792,KangTheConqueror2,"2026-10-01 07:39:33",56.08671,4,kangtheconqueror2
175,16921388,Chikara_H,"2026-10-04 14:30:47",56.19929,6,chikarah
176,16817352,"Daniel Vega 999","2026-09-09 19:46:18",56.46587,7,danielvega999
177,16968311,Gold_Mlnner,"2026-10-03 03:43:21",56.89987,7,"azmansikder,nurmohammedalamin,tanvirhasanforhad"
178,16943941,"Akil Al-Sharafi","2026-09-22 22:46:57",57.10974,4,akilalsharafi
179,16861556,"Pham Minh Dat","2026-09-23 17:29:35",57.18580,16,minhdat27
180,16856679,"Ethan Abimelech","2026-09-10 20:34:24",57.21634,5,ethanabimelech
181,16634090,"Alex Yaranga Salazar","2026-08-02 22:33:33",57.44858,10,alexyarangasalazar
182,16041736,"Pardheev Krishna","2026-05-24 08:03:28",57.50423,17,pardheev
183,16981236,"Hamad ur Rehman98","2026-10-05 08:54:10",57.65749,3,hamadurrehman98
184,16843057,"Atul Singh","2026-09-06 10:30:29",57.66973,5,chachasingh
185,16207818,"Pavlo Ivanin","2026-06-11 18:19:43",57.66973,27,pavloivanin
186,16689396,"DENIL I","2026-08-12 15:43:48",57.66973,10,denili
187,16790879,"Dinesh Makireddy 7389","2026-09-02 04:40:46",57.66973,14,dineshmakireddy7389
188,16807890,"anil Maurya","2026-09-02 09:07:31",57.66973,3,anil2434
189,16847816,MinhTran2346,"2026-09-08 16:47:15",57.66973,10,minhtran2346
190,16862921,"David Naranjo","2026-09-11 02:34:52",57.66973,4,davidnaranjo10
191,16960327,"Earl Ramsey","2026-10-01 13:07:00",57.75099,7,earlramsey
192,16786026,gh,"2026-09-02 00:33:46",59.17837,7,grzegorz
193,17013471,"Nyatuka Lobago","2026-10-04 16:52:38",59.66553,8,moanlobago
194,17030856,"Daniyar Kazbek","2026-10-04 18:21:05",59.69895,1,daniyarkazbek
195,16859067,"G. Asterius Goun","2026-09-11 10:01:05",60.13334,9,"georgesv,testeretset"
196,16866089,dataman_25,"2026-09-22 06:09:27",60.13707,43,vicentmwanda2
197,16856870,"Modeste Savadogo","2026-09-09 14:07:46",60.28333,5,modestesavadogomaths
198,16790662,"Nafiz Bin Saif","2026-09-05 20:15:49",60.38177,10,nafizbinsaif
199,16988934,"Ashwin Prakash","2026-09-30 06:25:49",60.47449,1,ashwinprakashml
200,16936715,"Francisco Angulo de Lafuente","2026-09-27 18:39:11",60.79507,12,franciscoangulo
201,16084361,Wema,"2026-05-27 21:00:55",60.84549,10,wiembenromdhane1
202,16840871,"Shubham Phapale","2026-09-07 05:53:19",60.93002,6,shubhamphapale
203,16847880,"Yoelvis Moreno Alcayde","2026-09-15 12:07:31",60.98556,8,yoelvismoreno83
204,16871018,Quantlite,"2026-09-15 09:43:13",61.23171,14,quantlit
205,16879911,"Quantlite #2","2026-09-12 07:30:49",61.23171,2,quantlite
206,16866363,"Atchaya Sree ","2026-09-16 06:50:14",61.23171,13,atchayasree
207,16681942,601338-จิรภัทร,"2026-08-09 12:23:14",61.39280,6,chujikgch
208,17015170,kimchikingdom,"2026-10-05 19:12:23",61.56340,9,kimchikingdom
209,16838445,"MOURYA ARNEPALLI","2026-09-08 19:29:26",61.81574,2,mouryaarnepalli
210,16983965,"Elzandi Irfan Zikra","2026-10-02 06:29:40",61.82594,4,zangetsufuin
211,16759293,Nomannic,"2026-08-26 16:50:47",61.83175,5,nomannic19
212,16132450,Shameer.k,"2026-08-31 17:55:07",61.83175,4,shameersham
213,16823398,"Nazmul Islam","2026-09-03 20:40:20",61.83175,1,nazmul1005
214,16939641,pumisj,"2026-09-22 08:13:23",61.83175,3,pumisj
215,16839167,AlexHan,"2026-09-05 11:47:31",61.88052,5,gksgusrb1212
216,16844819,JazyyBlackX,"2026-09-06 19:56:24",62.02269,5,jazyyblackx
217,16075401,"Stephen Sandoi","2026-05-25 17:09:04",62.11998,5,stephensandoi
218,16975673,"Alex Wang","2026-09-28 11:03:55",62.19765,5,alexanderwang2001
219,16435374,"Vlad Balanda","2026-06-26 04:41:15",62.31694,6,bankhv
220,16929656,"Sadiq Ali","2026-09-22 06:33:58",62.53683,11,sadiqali55
221,16017078,"Jason Karpeles","2026-05-27 00:01:23",62.56557,31,jasonkarpeles
222,16947491,Jsnn,"2026-09-23 13:50:28",62.69647,5,jsnnmsc
223,16753574,ArmanVardanyan07,"2026-08-21 09:56:34",62.80710,2,armanvardanyan07
224,16951711,fhadhul,"2026-09-25 12:58:12",63.02887,7,fhadhul
225,16447635,"Md Faruk Alam","2026-07-04 14:45:54",63.36760,2,farukalam
226,16790508,Galza98,"2026-09-01 16:28:04",63.56715,12,galza98
227,17012508,"Zhang xiangyu","2026-10-01 11:41:34",63.74052,1,andyzhangyu
228,16786303,"Aum Patel 131","2026-09-14 06:05:03",63.87639,49,aumpatel131
229,17030939,yruiiiiiii,"2026-10-04 13:03:08",64.25915,5,yruiiiiiii
230,16861874,"Behram Dilek","2026-09-09 17:02:14",64.51957,1,behramdilek
231,16968485,"Monesh M","2026-09-30 15:32:52",64.64067,8,moneshm908
232,16905982,haddyBhai,"2026-09-16 12:44:35",64.69762,1,haddybhai
233,17010550,"Soledad Santiago","2026-10-05 06:12:40",64.83235,5,soledadsantiago
234,16881458,"Jaon Voller","2026-10-02 04:42:03",64.87178,2,jaonvoller
235,17020147,Thepreaditor,"2026-10-03 06:01:25",65.11384,5,theparts
236,16984963,"Артём Чехлов","2026-10-03 04:33:59",65.16430,3,artemchekhlov
237,16613679,"Issa Mansour","2026-08-07 01:35:19",65.19330,4,issamansour
238,16836721,Yoshi,"2026-09-08 23:40:36",65.54338,11,yoshi0114
239,17026513,"Sebastian Salutare","2026-10-04 14:08:33",65.55892,1,sebastiansalutare
240,16031868,"Code by Nadiia","2026-06-28 12:21:05",65.65913,24,codebynadiia
241,16856232,romin_123,"2026-09-15 19:46:19",65.74257,4,romin123
242,16855532,Dimitar_Dimitrov,"2026-09-08 18:14:29",65.80063,1,dimitardimitrov2001
243,17025497,Monochrome,"2026-10-05 11:04:49",65.88902,15,mihsanar
244,16990987,"Chaitanya Jamble","2026-09-30 12:57:06",65.91664,3,chaitanyajamble
245,17012254,Prem_Inawdca,"2026-10-01 11:32:41",66.16695,1,preminawdca
246,16922652,"Gautier Marti","2026-09-19 13:28:44",66.18696,4,gautiermarti
247,16894404,"Kevin Rio Harristyando","2026-09-25 07:58:16",66.26806,16,kevinrioharristyando
248,16932561,"Ankur Agarwal","2026-09-21 03:06:15",66.35901,5,ankur98
249,16877164,s1teko,"2026-09-16 15:11:17",66.45631,4,s1teko
250,16801206,overflowaker,"2026-09-03 14:41:57",66.62601,10,overflowaker
251,16918278,"Gyan Tamang","2026-09-18 21:42:47",66.91997,3,gyantamang
252,16861638,CrowdParty,"2026-09-09 18:17:30",66.99755,3,crowdparty
253,16936797,baoly1309,"2026-09-25 14:29:21",67.15174,2,"baoly1309,gamharyb"
254,16963629,"Jesus Deleon","2026-09-28 23:01:52",67.20191,2,jesusdeleon19
255,16977607,Xiaa,"2026-09-29 02:36:15",67.29222,7,xiaaguangtai
256,16781497,"Henrique José De Souza","2026-08-28 03:25:43",67.44309,2,henriquejsza
257,16718426,"Deniz Sazonof","2026-08-16 18:47:44",67.46963,10,denizsazonof
258,16696291,"Deonis Deonnis","2026-09-02 05:50:46",67.57811,52,deonisdeonnis
259,16488254,"Abdessamed Zetroni","2026-07-07 15:14:38",67.65904,5,abdessamedzetroni
260,17012463,"Oscar Alcarria Laserna","2026-10-02 08:32:45",67.75891,3,oscaralcarrialaserna
261,16985641,dkzmn,"2026-09-29 15:06:53",67.76213,5,dmkzmn
262,17031563,"Matvey Safroshkin","2026-10-05 12:15:35",67.77641,5,matveysafroshkin
263,16898626,"Kushal Tyagi","2026-09-29 08:45:48",67.86955,2,"abhayml,kushaltyagi0,sanalnayyar05"
264,16931004,"Caner Caner","2026-09-21 03:49:20",67.87175,8,canercaner
265,16600146,沼里太誠,"2026-07-26 07:40:31",67.98131,4,numaritaisei
266,16786130,"Fakhruddin Syazwan","2026-08-29 02:47:43",68.00565,2,fakhruddinsyazwan
267,17019166,"Ankit Kumar Singh","2026-10-03 00:41:35",68.05259,6,"ankit2021310,kajal22104056"
268,16892649,Advait,"2026-09-15 10:13:31",68.10592,1,advtbrd
269,16923745,tanmi1573,"2026-09-20 01:31:39",68.17002,6,tanmi1573
270,16904956,"Denis Foripost","2026-09-18 09:46:27",68.32837,1,denisforipost
271,16879225,Atchu03,"2026-09-12 09:47:37",68.36009,5,atchu03
272,16880693,"Ashika Eswaran","2026-09-12 10:07:45",68.36009,1,ashikaeswaran
273,16870415,ItIsNot4Me,"2026-09-11 14:46:35",68.60721,5,itisnot4me
274,16793591,"Hafida Belayd","2026-08-30 18:15:34",68.61029,3,hafidabelayd
275,16963248,"Mohamed Abouelnaga","2026-09-25 22:13:19",68.66678,3,momo33e3
276,16929935,Interceptors,"2026-09-29 08:22:29",68.91050,9,"physersiddhu,sanjaymadhukar,sukesh2007"
277,16855570,"Aakash Agarwal","2026-09-08 18:18:08",68.99668,1,aakashagarwal002
278,16936493,sany@71,"2026-09-21 16:57:33",69.18233,4,sany71
279,16716877,Seniorio,"2026-08-16 16:00:01",69.26722,15,seniorio
280,16784250,"Josue Romaric Edou","2026-09-01 00:26:53",69.47663,12,romaricedou
281,16855870,"Mandar Patil","2026-09-08 21:08:48",69.54696,1,mandarpatil885
282,16865688,Ralkaroid,"2026-09-27 13:34:08",69.54696,3,ralkaroid
283,16706983,"Đức Hải Hà","2026-10-01 08:33:51",70.00991,4,tankinguyen
284,16806277,Ko,"2026-09-08 10:13:30",70.08897,13,komurase
285,16356277,"Danielle Lesin","2026-06-24 17:55:42",70.09255,6,ladyfaye
286,16974163,TEnsorSAge,"2026-09-27 21:25:01",70.20944,2,kingofarmy
287,17016439,"Subham Sharma","2026-10-02 01:32:37",70.22134,5,subsh2004
288,16989893,"Fortune Dida","2026-09-30 10:24:10",70.57330,5,fortunedida
289,16826722,PyJa,"2026-09-17 20:06:59",70.62679,4,pixiux
290,16847747,"Ahmet Kiraz","2026-09-07 13:22:59",70.65499,3,ahmetqiraz
291,16844500,"Emilio Alberini","2026-09-06 18:08:39",70.67470,1,emialb
292,16884535,"Валерия Захарова","2026-09-14 22:53:04",70.78542,5,melomanpanda
293,16958832,Wannns,"2026-09-25 12:51:46",70.88963,5,wannns
294,16790636,jwboost,"2026-09-04 14:07:36",70.97220,13,kiritocui
295,16805242,"Ehsan Ghoreishi","2026-09-09 15:09:11",71.08157,7,ehsanghoreshi
296,16934109,AlgorithmicGrid,"2026-09-21 06:04:22",71.13662,1,algorithmicgrid
297,16847296,"Asuu Dane","2026-09-07 09:25:30",71.37818,1,asuudane
298,16841919,"Aadit Agrawal","2026-09-06 03:46:49",71.73195,5,aaditagrawal
299,16922638,"Mohamed Amine Dhuibi","2026-09-18 22:38:11",71.78566,2,mohamedamine12
300,16971219,"Karan Tanshukh","2026-09-27 08:45:53",71.92507,2,karantanshukh
301,17014011,Abhignan,"2026-10-05 16:35:55",72.02169,3,jaihindh292
302,16056114,"Alibek Baigulov","2026-05-28 19:39:03",72.07077,14,whhlli
303,16852846,"LEVAN KANKADZE","2026-10-01 19:55:32",72.10556,11,synchrocyclotron
304,16821977,NQMinh1602,"2026-09-06 12:34:53",72.42950,11,nqminh1602
305,16863929,asterask,"2026-09-30 04:49:32",72.48102,11,cherrycokecero
306,16843289,m_7ammed2027,"2026-09-15 20:13:45",72.62552,4,m7ammed2027
307,16925693,Harpreet_Babbar,"2026-09-19 15:32:57",72.62815,1,harpreetbabbar
308,17031195,Ruiix7,"2026-10-04 13:29:55",72.76803,4,ruiix7
309,17029612,MISabic,"2026-10-05 10:31:17",73.07677,1,misabic
310,16944268,szhlll,"2026-09-23 08:30:25",73.32256,1,szhlll
311,16961334,"Sukhbold Ch","2026-09-25 13:44:39",73.54542,1,sukhboldch
312,16803687,"PRAVIN KUMA DATA FREAK","2026-09-02 09:18:27",73.68835,7,pravinkumadatafreak
313,16483305,Tarık,"2026-07-04 13:29:33",73.90253,2,tark12
314,17033353,"Riasat Hasan","2026-10-05 07:06:52",73.98498,2,riasathasan
315,16804069,ML4MME,"2026-09-14 06:56:36",74.06720,13,"harshtayal2404,mayankmishra2006"
316,16049060,FF00E1,"2026-05-22 12:57:39",74.24348,4,ff00e1
317,16860732,"Ganesh K","2026-09-14 11:26:40",74.48649,11,ganeshk2846
318,16763137,sowhatwillwelearn,"2026-09-01 19:38:54",74.51434,2,sowhatwillwelearn
319,16829295,YM,"2026-09-07 00:42:18",74.58292,1,yosukecivil
320,16959243,Buchi_Cat,"2026-09-26 16:18:25",74.72083,10,buchicat
321,16983894,"Likith Narakala","2026-09-29 12:43:06",74.79678,5,likith17052004
322,16778988,"Yusuke Sato","2026-09-12 02:54:04",74.87325,8,wanko123
323,16797760,"Aymen Ferhat","2026-08-31 17:44:05",75.09542,1,aymenferhat
324,16930922,"Satyam Singh","2026-09-24 06:06:17",75.17301,7,satyam5641
325,16909353,Adrian,"2026-09-18 12:30:12",75.17332,8,adrianpersonal
326,16861781,"Anshraj Gupta","2026-09-27 11:01:10",75.22411,3,zeusgod230
327,17031179,"Rahul Ray","2026-10-04 14:54:01",75.41911,2,rahulray5
328,16024355,"Evil Spirit05","2026-06-09 16:53:38",75.54286,13,evilspirit05
329,16791932,WZY__KGE,"2026-09-05 05:28:21",75.90359,6,wzykge
330,16797876,"Harish G S","2026-09-11 15:00:55",76.10982,16,harishgs145
331,16450841,"The Coder Geek Squad Leader","2026-07-07 10:14:33",76.52170,6,soulemaneisissifou
332,16103367,"Joshua Hansen","2026-06-03 17:42:00",76.78462,14,buddyluv
333,17022313,"Satish Kumar Mishra","2026-10-02 21:15:04",76.90609,1,satishkumarmishra
334,16516640,Rostislav,"2026-07-11 05:45:33",76.92040,2,rl0h4w
335,16791668,"Kyle Goosen","2026-08-30 01:55:55",77.32765,5,kylegoosen
336,16937342,Kareem,"2026-09-30 14:40:12",77.40600,2,kareemmourad
337,16684765,m4lt3HH,"2026-08-07 15:36:11",77.54846,4,m4lt3hh
338,16904711,"Rahul Kumar","2026-09-22 04:29:12",77.87680,3,rahulkumar160602
339,16895977,бджіл,"2026-09-22 14:58:16",78.21415,7,mykytkas
340,16866306,"GAURAV PARKHEDKAR","2026-09-13 18:14:02",78.49287,9,gauravparkhedkar
341,16856416,"Syed Shayan Shahid","2026-09-13 20:08:19",78.58782,5,shayanshahid997
342,17026439,"Kainwang Roger","2026-10-03 20:34:57",78.83804,5,kainwangroger
343,16434282,Abdulsamad,"2026-06-25 21:29:07",78.88809,3,abdulsamadjod1234
344,16046773,"Charismatic Pizza Party🍕","2026-05-22 05:55:39",78.90327,1,debugendless
345,16863246,Gabriela_Fernandes4,"2026-09-09 23:58:07",79.02125,4,gabrielafernandes4
346,17013558,Coding-Smurf,"2026-10-03 12:48:55",79.57804,5,codingsmurf
347,16992453,"Prem mokal","2026-10-01 12:58:14",79.63922,3,premvikrammokal
348,16808107,SoilSense,"2026-10-05 19:07:53",79.72886,14,"dipananageswaran,galvinsamuel,harshinips1818"
349,16853457,Dilovar,"2026-09-08 08:47:12",80.01458,3,dilovar
350,16722845,"johnson Chiang 26","2026-08-16 03:56:15",80.86122,10,johnsonchiang26
351,16973060,Iva,"2026-09-27 19:42:25",81.48090,5,soboleiv
352,16848315,"Bright Remi-Ofakunrin","2026-09-14 14:05:39",81.53788,8,brightremiofakunrin
353,16634552,"Alfandi Hassan","2026-08-21 01:48:08",81.75293,26,alfandihassan
354,16811930,"yufu wang38","2026-09-08 05:14:03",82.09079,2,yufuwang38
355,16915940,"Naqi Naqvi","2026-09-17 16:15:40",82.43118,1,hypoxiic
356,16018246,lli289.git,"2026-05-19 18:12:20",82.56086,2,lli289git
357,16389594,"Trần Hải","2026-07-01 04:12:57",82.56482,2,cryandrrich
358,16791349,HabilCoban,"2026-08-30 14:04:33",82.61929,3,hubble658
359,16705789,bashou54,"2026-08-13 12:56:38",83.04232,1,bashou54
360,16939694,"Krish Shah","2026-09-22 07:26:35",83.08019,4,krshs90
361,17020745,"Anab Farooq","2026-10-05 17:21:26",83.08767,1,louisxvi07
362,17019675,"zainab Halhoul","2026-10-05 10:50:15",83.08907,3,zainabhalhoul
363,17024514,Versetyt,"2026-10-03 06:58:32",83.14773,1,versetyt
364,16949655,"Chad Dean","2026-09-23 20:47:25",83.22486,3,chaddean
365,16865717,Aayush_Choudhary_12,"2026-09-10 10:41:05",83.49027,1,aayushchoudhary12
366,16836346,"Rohit Yadav","2026-09-05 03:53:31",83.84352,1,rohit2026y
367,16558699,eeekkoooo,"2026-07-23 09:33:05",83.97877,3,eeekkoooo
368,16939220,"Văn Đoan","2026-09-22 06:10:55",84.06973,5,doannvd23ptit
369,16949531,"Anmol yadav","2026-09-24 09:40:42",84.13627,4,anmolyadav3111
370,16948504,"syed nasreena","2026-10-03 13:45:46",84.21517,1,syednasreena
371,16840299,"Yusuf Yasser","2026-09-05 18:22:08",85.30181,5,yusufyasser
372,16784735,void_placid,"2026-09-16 17:10:07",85.30476,1,voidplacid
373,16273419,"Carson Cheng","2026-06-09 11:31:21",85.93071,4,carsoncheng
374,16948691,kpsarn,"2026-09-26 17:17:32",86.03091,5,kpsarn
375,16811046,"Ahmed Mahamat","2026-09-02 22:24:40",86.35778,1,ahmedmahamat
376,16888299,"Christine Ong","2026-10-04 17:39:20",86.84699,5,christineong
377,16928200,JIAWEILI0001,"2026-10-05 03:57:30",86.89872,15,jiaweili0001
378,16861426,"Fatih DENIZ","2026-09-09 19:27:59",87.34434,4,fatihdeniz
379,16971033,"Abhishek Jain","2026-09-27 11:31:39",87.37382,3,abhiiiish
380,16931939,"Rishi Jain","2026-09-24 20:32:40",88.27809,1,rishijain07
381,16922972,theonlyeel,"2026-10-01 13:21:34",88.32035,2,theonlyeel
382,16796885,"Hamza Qamar","2026-09-12 02:11:36",88.54970,22,hamzaqamar56
383,16876389,"Dhruv Tripathi","2026-09-12 19:25:38",88.88664,7,dhruvtripathi1287
384,16796615,Recluse72,"2026-09-01 14:48:36",89.01117,1,recluse72
385,16753588,"Samvel Serobyan","2026-08-21 10:15:38",89.06615,2,samvelserobyan
386,16718116,"Devkanth Ravi","2026-08-18 13:37:04",89.14568,1,devkanthravi
387,16926933,ChristiaanSwan,"2026-09-20 10:30:47",89.15457,2,christiaanswan
388,16780908,"Mohamed Abderraouf","2026-09-02 02:40:33",89.31854,9,mohamedabderraouf
389,16897952,"Danuja Nirodhana","2026-09-15 18:50:57",89.83773,2,danujanirodhana2003
390,16916109,Zeus,"2026-09-19 17:44:40",89.93573,5,"aadithya2007,abhishekbharathib"
391,16974893,Ganesh_CyberZen,"2026-09-29 06:40:21",90.22696,2,ganeshcyberzen
392,16824730,"LCNN JJ","2026-09-04 03:14:54",90.28098,1,supremebeast08
393,16977681,Udayj_06,"2026-10-05 19:13:30",90.28098,5,udayj06
394,16939781,"Md.Mahfujul Karim Sheikh","2026-09-28 05:43:05",90.28100,10,mdmahfujulkarim
395,16810480,SBibwan,"2026-09-10 19:36:10",90.32494,1,sbibwan
396,17015429,"Sharvari Chauhan","2026-10-01 18:17:43",90.52593,1,sharvarichauhan
397,16260683,Youkaio,"2026-07-16 12:39:12",90.57658,8,ayakhedr
398,16989642,ShinePryme,"2026-09-30 08:46:50",90.87369,1,leefable
399,16941965,"Haradi Bots","2026-09-22 17:06:01",92.00707,1,haradibots
400,16968830,"Akshay Singh Bchehhat","2026-10-04 23:01:12",92.65234,12,akshaysinghbchehhat
401,16062702,"Adi Kusuma","2026-07-11 16:08:32",92.89440,6,adikusum4
402,16495032,"Danuluxshan Krishnamoorthi","2026-07-06 14:34:27",93.31345,1,danuluxshank
403,16891669,"Victor Soto","2026-09-15 08:15:01",93.47302,1,victorsotofr
404,16419302,"Sebastien Andersson","2026-06-23 07:50:06",93.51374,1,sebastienandersson
405,16918711,"Majid nargesi","2026-09-18 08:02:16",94.37891,1,m17iddgmailcom
406,16822845,"Meet Lahori","2026-09-04 07:25:01",94.57004,1,meetlahori
407,16865729,"SIVA S","2026-10-05 07:45:04",94.84782,105,codingmaster24
408,16939198,"Poojashree V","2026-09-22 07:48:40",95.16215,1,poojashree1789
409,16283849,"Abhishek Godara","2026-08-08 00:05:53",95.29658,5,abhishekp235
410,16924165,"Mazen Mohammed","2026-09-19 10:51:09",95.62406,1,mazenm123
411,17036789,"Juan Domingues","2026-10-05 12:28:21",95.65804,1,juandomingues
412,16881428,zzgtylors,"2026-09-12 15:40:10",95.82908,3,zzgtylors
413,16887666,"Oli Losv","2026-09-14 19:35:23",95.95793,1,olilosv
414,16967771,"Boqiang Fu","2026-09-26 14:55:34",95.99143,1,boqiangfu
415,16855750,MSD2k20,"2026-09-08 18:08:45",96.54611,1,msd2k20
416,16733128,Prakash,"2026-08-18 19:42:29",96.91397,1,mlkash
417,16015817,"Alex Li","2026-05-19 05:17:59",96.99754,2,alexli1998
418,16993982,"Gerald Amasi","2026-10-02 09:33:02",97.15107,1,geraldamasi
419,16841896,"Nguyen Anh Tu - ĐH FPT","2026-10-01 12:10:08",97.16412,1,anhtuss23
420,16986289,"احمد محمد طه","2026-10-01 07:52:53",97.47045,11,yhyhfrfftfvvdervb
421,16912203,"Mayank Raj","2026-09-17 07:26:42",97.62167,1,raj110
422,16842916,"Zobayer Abdullah","2026-09-08 12:41:08",98.42315,1,zobayerabdullah
423,17037446,"Patcharapol Jamsawang","2026-10-05 18:19:59",98.47290,1,patcharapoljamsawang
424,16832926,"Md. Ismiel Hossen Abir","2026-09-07 06:26:44",98.72843,11,mdismielhossenabir
425,16973026,Yash,"2026-09-27 17:44:17",99.41853,2,yashnode
426,16958192,"Syauqi Gathan S","2026-09-25 04:17:34",99.65778,1,sokiww
427,17030577,"Prinshu Dewangan","2026-10-05 04:22:54",100.21724,1,prinshudewangan
428,16970533,anshxo,"2026-10-01 02:24:10",100.30221,3,anshxo
429,16811280,"Munazar Mohamed","2026-09-02 23:27:13",100.49848,1,munazarmohamed
430,16991231,"Fatir Ali Ai","2026-09-30 13:24:50",101.76535,3,fatiraliai
431,16912012,"Thomas Shyju","2026-09-18 10:32:35",102.26135,6,thomasshyju
432,16048634,"sampath bharath","2026-05-22 10:57:10",102.32794,2,sampathbharath
433,17014509,"Shahid Khan jan","2026-10-02 08:48:58",102.36048,8,shahidkhanjan
434,16748931,nzoopxw,"2026-08-20 14:35:28",102.37237,1,navyaxw
435,16802496,"Sanjay Singh Gurjar","2026-09-03 05:54:57",102.37237,4,sanjaysinghgurjar122
436,16850581,"Geetika Khamesra","2026-09-07 21:20:20",102.37237,1,geetikakhamesra
437,16915227,"Vimal Sahani","2026-09-17 13:56:16",102.37237,1,nvimalcbn05
438,16908410,BEN'SWAGGLEKAGGLE,"2026-09-19 15:50:47",102.37237,1,benswagglekaggle
439,17038361,Shahid,"2026-10-05 17:32:36",102.37237,1,shahid2026bot
440,16779973,"Elvern Neylmav Tanny","2026-08-27 13:57:07",102.37237,1,elvernneylmavtanny
441,16792801,"Kishan Pansuriya","2026-08-30 11:34:10",102.37240,2,kishan2112004
442,17017298,hono6(#._.)b,"2026-10-02 07:22:56",102.37240,1,hono6b
443,16299069,Baptiste_74,"2026-06-11 12:46:35",102.61123,2,baptiste74
444,16928645,"Simon marc","2026-09-20 14:31:55",102.68259,1,simonmarc
445,16957222,"ANAFIEL ARCE LOPEZ","2026-09-25 01:12:48",102.84211,2,anafielarcelopez
446,16779718,"Rajendra Paneru","2026-09-03 08:41:40",103.01835,1,rajendrapaneru
447,16923796,"yiyuan xue","2026-09-19 06:35:00",103.11323,1,yiyuanxue
448,16968442,"Rohit Kumar","2026-10-03 12:51:12",105.54072,4,rkrohitkumar
449,16913125,"Arshad Shemil k","2026-09-23 09:53:00",106.51086,2,arshadshemilk
450,16930561,"Shailesh Kumar","2026-09-20 12:46:46",109.16073,1,shaileshkumar591
451,16446004,"Avik Das","2026-07-04 09:35:18",109.99942,2,avikdas567
452,16822052,NOTHING,"2026-10-04 06:37:23",111.80180,4,"ladsiddhi,shrutpatil"
453,16992566,"Muhammad Nebukhadnezar Manthoufani","2026-09-30 16:51:24",114.00043,2,nebukhadnezar234
454,16882254,"Last Chitumba","2026-09-15 00:20:19",116.24440,4,lastchitumba
455,16822890,"Farid Pangestu Aji","2026-09-03 22:32:34",116.45204,2,faridpangestuaji
456,16804830,"Nazar Koval","2026-09-01 18:06:04",118.47303,1,miickey
457,16844647,"kartik pandey","2026-09-09 19:46:35",119.90648,5,kartik3pandey
458,16532204,"Suruththika ","2026-07-28 08:33:20",120.03569,2,suruththika
459,17026346,"سید رضا ابراهیمی","2026-10-04 16:17:54",124.59724,1,rezaebrahimii
460,16782923,"Fernando Liazar Luemba Salvador","2026-09-23 01:04:37",124.68335,2,fernandollsalvador
0,16012918,baseline_submission.csv,"2026-05-18 13:32:51",125.64186,1,
461,17027271,"Fabio Oliveira Nascimento","2026-10-04 00:59:31",139.16854,1,fabiooliveira4
462,16994054,"Thales Galuchi","2026-10-01 00:54:41",149.28613,1,thalesgaluchi
463,16887423,HABIB_TAZ,"2026-10-04 19:53:10",159.84197,1,"abdullahshheikh,tahazahid001,zainjawadnaqi"
464,16960449,SMILEY_IS_GONE,"2026-09-26 18:27:30",168.31005,1,smileyis
465,16324977,Accer_sz,"2026-06-13 23:38:49",170.52581,1,accersz
466,16932316,"Thomas Tschinkel","2026-09-23 00:03:47",186.28201,15,thomastschinkel
467,16046365,"Himanshu Dhiman","2026-05-22 03:34:52",194.56636,1,hmnshudhmn24
468,16886580,Shimohiro,"2026-09-21 13:52:28",194.56636,1,shimohiro
469,17035754,"MD ABUL HOSSAIN","2026-10-05 11:18:35",194.56636,3,harigov63
470,16928045,user,"2026-09-21 09:05:30",198.96471,1,userasdas
